"LOCATION","INDICATOR","SUBJECT","MEASURE","FREQUENCY","TIME","Value","Flag Codes"
"AUS","GDP","TOT","MLN_USD","A","2000",537761.3282,
"AUS","GDP","TOT","MLN_USD","A","2001",567709.0249,
"AUS","GDP","TOT","MLN_USD","A","2002",599301.22,
"AUS","GDP","TOT","MLN_USD","A","2003",635085.0712,
"AUS","GDP","TOT","MLN_USD","A","2004",675451.92,
"AUS","GDP","TOT","MLN_USD","A","2005",717705.0792,
"AUS","GDP","TOT","MLN_USD","A","2006",774327.4315,
"AUS","GDP","TOT","MLN_USD","A","2007",825040.7301,
"AUS","GDP","TOT","MLN_USD","A","2008",851983.1297,
"AUS","GDP","TOT","MLN_USD","A","2009",902670.5116,
"AUS","GDP","TOT","MLN_USD","A","2010",943228.4205,
"AUS","GDP","TOT","MLN_USD","A","2011",992327.3798,
"AUS","GDP","TOT","MLN_USD","A","2012",997527.3466,
"AUS","GDP","TOT","MLN_USD","A","2013",1104626.1349,
"AUS","GDP","TOT","MLN_USD","A","2014",1118350.267,
"AUS","GDP","TOT","MLN_USD","A","2015",1127712.5423,
"AUS","GDP","TOT","MLN_USD","A","2016",1215897.6861,
"AUT","GDP","TOT","MLN_USD","A","2000",235380.4085,
"AUT","GDP","TOT","MLN_USD","A","2001",238978.4094,
"AUT","GDP","TOT","MLN_USD","A","2002",251984.7843,
"AUT","GDP","TOT","MLN_USD","A","2003",260767.9054,
"AUT","GDP","TOT","MLN_USD","A","2004",275747.0012,
"AUT","GDP","TOT","MLN_USD","A","2005",288086.7221,
"AUT","GDP","TOT","MLN_USD","A","2006",311091.8412,
"AUT","GDP","TOT","MLN_USD","A","2007",326780.2903,
"AUT","GDP","TOT","MLN_USD","A","2008",343812.9764,
"AUT","GDP","TOT","MLN_USD","A","2009",341463.0176,
"AUT","GDP","TOT","MLN_USD","A","2010",351313.6961,
"AUT","GDP","TOT","MLN_USD","A","2011",373031.477,
"AUT","GDP","TOT","MLN_USD","A","2012",391635.1762,
"AUT","GDP","TOT","MLN_USD","A","2013",406370.2445,
"AUT","GDP","TOT","MLN_USD","A","2014",417059.5187,
"AUT","GDP","TOT","MLN_USD","A","2015",431078.1342,
"AUT","GDP","TOT","MLN_USD","A","2016",451297.2461,
"BEL","GDP","TOT","MLN_USD","A","2000",286916.7017,
"BEL","GDP","TOT","MLN_USD","A","2001",297883.4312,
"BEL","GDP","TOT","MLN_USD","A","2002",314972.1581,
"BEL","GDP","TOT","MLN_USD","A","2003",322245.5822,
"BEL","GDP","TOT","MLN_USD","A","2004",335956.2372,
"BEL","GDP","TOT","MLN_USD","A","2005",349276.761,
"BEL","GDP","TOT","MLN_USD","A","2006",373252.7108,
"BEL","GDP","TOT","MLN_USD","A","2007",391797.4928,
"BEL","GDP","TOT","MLN_USD","A","2008",408408.7386,
"BEL","GDP","TOT","MLN_USD","A","2009",410361.8861,
"BEL","GDP","TOT","MLN_USD","A","2010",436389.5608,
"BEL","GDP","TOT","MLN_USD","A","2011",455705.2637,
"BEL","GDP","TOT","MLN_USD","A","2012",471332.4746,
"BEL","GDP","TOT","MLN_USD","A","2013",486673.7112,
"BEL","GDP","TOT","MLN_USD","A","2014",499974.7211,
"BEL","GDP","TOT","MLN_USD","A","2015",514017.2959,
"BEL","GDP","TOT","MLN_USD","A","2016",535003.4891,
"CAN","GDP","TOT","MLN_USD","A","2000",901015.2424,
"CAN","GDP","TOT","MLN_USD","A","2001",937265.1746,
"CAN","GDP","TOT","MLN_USD","A","2002",971003.3941,
"CAN","GDP","TOT","MLN_USD","A","2003",1023336.7535,
"CAN","GDP","TOT","MLN_USD","A","2004",1083183.0946,
"CAN","GDP","TOT","MLN_USD","A","2005",1171325.3311,
"CAN","GDP","TOT","MLN_USD","A","2006",1241294.1268,
"CAN","GDP","TOT","MLN_USD","A","2007",1300541.8517,
"CAN","GDP","TOT","MLN_USD","A","2008",1342397.4236,
"CAN","GDP","TOT","MLN_USD","A","2009",1308017.4298,
"CAN","GDP","TOT","MLN_USD","A","2010",1363823.0163,
"CAN","GDP","TOT","MLN_USD","A","2011",1430807.1253,
"CAN","GDP","TOT","MLN_USD","A","2012",1468095.7685,
"CAN","GDP","TOT","MLN_USD","A","2013",1554122.7451,
"CAN","GDP","TOT","MLN_USD","A","2014",1621391.8322,
"CAN","GDP","TOT","MLN_USD","A","2015",1594897.6212,
"CAN","GDP","TOT","MLN_USD","A","2016",1628880.1751,
"CZE","GDP","TOT","MLN_USD","A","2000",166037.7222,
"CZE","GDP","TOT","MLN_USD","A","2001",179347.2711,
"CZE","GDP","TOT","MLN_USD","A","2002",185474.0896,
"CZE","GDP","TOT","MLN_USD","A","2003",198029.4789,
"CZE","GDP","TOT","MLN_USD","A","2004",212091.1078,
"CZE","GDP","TOT","MLN_USD","A","2005",224201.3809,
"CZE","GDP","TOT","MLN_USD","A","2006",243445.1989,
"CZE","GDP","TOT","MLN_USD","A","2007",269055.7953,
"CZE","GDP","TOT","MLN_USD","A","2008",289157.1486,
"CZE","GDP","TOT","MLN_USD","A","2009",288245.3284,
"CZE","GDP","TOT","MLN_USD","A","2010",289800.0366,
"CZE","GDP","TOT","MLN_USD","A","2011",302260.2358,
"CZE","GDP","TOT","MLN_USD","A","2012",305309.3707,
"CZE","GDP","TOT","MLN_USD","A","2013",320535.0972,
"CZE","GDP","TOT","MLN_USD","A","2014",339582.5988,
"CZE","GDP","TOT","MLN_USD","A","2015",355311.7368,
"CZE","GDP","TOT","MLN_USD","A","2016",372257.3969,
"DNK","GDP","TOT","MLN_USD","A","2000",153044.6321,
"DNK","GDP","TOT","MLN_USD","A","2001",157814.0956,
"DNK","GDP","TOT","MLN_USD","A","2002",164720.3879,
"DNK","GDP","TOT","MLN_USD","A","2003",165955.5208,
"DNK","GDP","TOT","MLN_USD","A","2004",177855.7558,
"DNK","GDP","TOT","MLN_USD","A","2005",185074.4459,
"DNK","GDP","TOT","MLN_USD","A","2006",202786.6121,
"DNK","GDP","TOT","MLN_USD","A","2007",212824.1067,
"DNK","GDP","TOT","MLN_USD","A","2008",226767.5052,
"DNK","GDP","TOT","MLN_USD","A","2009",222799.9449,
"DNK","GDP","TOT","MLN_USD","A","2010",238548.3037,
"DNK","GDP","TOT","MLN_USD","A","2011",247352.2892,
"DNK","GDP","TOT","MLN_USD","A","2012",250524.5651,
"DNK","GDP","TOT","MLN_USD","A","2013",262368.1157,
"DNK","GDP","TOT","MLN_USD","A","2014",270330.6084,
"DNK","GDP","TOT","MLN_USD","A","2015",278823.125,
"DNK","GDP","TOT","MLN_USD","A","2016",290376.8332,
"FIN","GDP","TOT","MLN_USD","A","2000",138478.5256,
"FIN","GDP","TOT","MLN_USD","A","2001",144074.0254,
"FIN","GDP","TOT","MLN_USD","A","2002",148566.4337,
"FIN","GDP","TOT","MLN_USD","A","2003",151098.6672,
"FIN","GDP","TOT","MLN_USD","A","2004",162691.0105,
"FIN","GDP","TOT","MLN_USD","A","2005",167840.4509,
"FIN","GDP","TOT","MLN_USD","A","2006",180964.9146,
"FIN","GDP","TOT","MLN_USD","A","2007",199401.5227,
"FIN","GDP","TOT","MLN_USD","A","2008",212373.3688,
"FIN","GDP","TOT","MLN_USD","A","2009",201969.5903,
"FIN","GDP","TOT","MLN_USD","A","2010",207762.3937,
"FIN","GDP","TOT","MLN_USD","A","2011",219214.027,
"FIN","GDP","TOT","MLN_USD","A","2012",219916.339,
"FIN","GDP","TOT","MLN_USD","A","2013",224594.224,
"FIN","GDP","TOT","MLN_USD","A","2014",226490.0902,
"FIN","GDP","TOT","MLN_USD","A","2015",231351.0257,
"FIN","GDP","TOT","MLN_USD","A","2016",240309.4371,
"FRA","GDP","TOT","MLN_USD","A","2000",1589465.7201,
"FRA","GDP","TOT","MLN_USD","A","2001",1687423.4006,
"FRA","GDP","TOT","MLN_USD","A","2002",1762925.9348,
"FRA","GDP","TOT","MLN_USD","A","2003",1751662.7565,
"FRA","GDP","TOT","MLN_USD","A","2004",1820572.9933,
"FRA","GDP","TOT","MLN_USD","A","2005",1926880.3853,
"FRA","GDP","TOT","MLN_USD","A","2006",2063551.068,
"FRA","GDP","TOT","MLN_USD","A","2007",2182208.3645,
"FRA","GDP","TOT","MLN_USD","A","2008",2259255.8436,
"FRA","GDP","TOT","MLN_USD","A","2009",2244374.8476,
"FRA","GDP","TOT","MLN_USD","A","2010",2334490.5519,
"FRA","GDP","TOT","MLN_USD","A","2011",2446474.5436,
"FRA","GDP","TOT","MLN_USD","A","2012",2474005.2873,
"FRA","GDP","TOT","MLN_USD","A","2013",2608523.5042,
"FRA","GDP","TOT","MLN_USD","A","2014",2662032.8726,
"FRA","GDP","TOT","MLN_USD","A","2015",2719224.5205,
"FRA","GDP","TOT","MLN_USD","A","2016",2811271.3498,
"DEU","GDP","TOT","MLN_USD","A","2000",2244219.1782,
"DEU","GDP","TOT","MLN_USD","A","2001",2344986.9548,
"DEU","GDP","TOT","MLN_USD","A","2002",2419131.8519,
"DEU","GDP","TOT","MLN_USD","A","2003",2475198.1926,
"DEU","GDP","TOT","MLN_USD","A","2004",2592443.7655,
"DEU","GDP","TOT","MLN_USD","A","2005",2636420.1082,
"DEU","GDP","TOT","MLN_USD","A","2006",2820716.5369,
"DEU","GDP","TOT","MLN_USD","A","2007",2998677.8556,
"DEU","GDP","TOT","MLN_USD","A","2008",3122546.7214,
"DEU","GDP","TOT","MLN_USD","A","2009",3033861.8295,
"DEU","GDP","TOT","MLN_USD","A","2010",3204627.1036,
"DEU","GDP","TOT","MLN_USD","A","2011",3427140.5764,
"DEU","GDP","TOT","MLN_USD","A","2012",3503684.2066,
"DEU","GDP","TOT","MLN_USD","A","2013",3647777.5941,
"DEU","GDP","TOT","MLN_USD","A","2014",3821628.0696,
"DEU","GDP","TOT","MLN_USD","A","2015",3919280.2932,
"DEU","GDP","TOT","MLN_USD","A","2016",4110953.334,
"GRC","GDP","TOT","MLN_USD","A","2000",210917.4283,
"GRC","GDP","TOT","MLN_USD","A","2001",227708.8165,
"GRC","GDP","TOT","MLN_USD","A","2002",246559.281,
"GRC","GDP","TOT","MLN_USD","A","2003",260854.3971,
"GRC","GDP","TOT","MLN_USD","A","2004",278668.875,
"GRC","GDP","TOT","MLN_USD","A","2005",281028.3963,
"GRC","GDP","TOT","MLN_USD","A","2006",314295.4927,
"GRC","GDP","TOT","MLN_USD","A","2007",323631.2287,
"GRC","GDP","TOT","MLN_USD","A","2008",341817.8292,
"GRC","GDP","TOT","MLN_USD","A","2009",337268.7866,
"GRC","GDP","TOT","MLN_USD","A","2010",313048.1016,
"GRC","GDP","TOT","MLN_USD","A","2011",290296.6852,"P"
"GRC","GDP","TOT","MLN_USD","A","2012",279267.2732,"P"
"GRC","GDP","TOT","MLN_USD","A","2013",286168.6393,"P"
"GRC","GDP","TOT","MLN_USD","A","2014",292335.7415,"P"
"GRC","GDP","TOT","MLN_USD","A","2015",291109.1186,"P"
"GRC","GDP","TOT","MLN_USD","A","2016",293902.9558,"P"
"HUN","GDP","TOT","MLN_USD","A","2000",121285.6323,
"HUN","GDP","TOT","MLN_USD","A","2001",134791.6089,
"HUN","GDP","TOT","MLN_USD","A","2002",147803.5424,
"HUN","GDP","TOT","MLN_USD","A","2003",156686.9402,
"HUN","GDP","TOT","MLN_USD","A","2004",164196.2501,
"HUN","GDP","TOT","MLN_USD","A","2005",172304.9683,
"HUN","GDP","TOT","MLN_USD","A","2006",184285.4381,
"HUN","GDP","TOT","MLN_USD","A","2007",191362.818,
"HUN","GDP","TOT","MLN_USD","A","2008",207576.4765,
"HUN","GDP","TOT","MLN_USD","A","2009",206985.3806,
"HUN","GDP","TOT","MLN_USD","A","2010",215349.1695,
"HUN","GDP","TOT","MLN_USD","A","2011",227766.3138,
"HUN","GDP","TOT","MLN_USD","A","2012",229105.5356,
"HUN","GDP","TOT","MLN_USD","A","2013",242025.7031,
"HUN","GDP","TOT","MLN_USD","A","2014",251774.7606,
"HUN","GDP","TOT","MLN_USD","A","2015",259425.9339,
"HUN","GDP","TOT","MLN_USD","A","2016",263522.4647,
"ISL","GDP","TOT","MLN_USD","A","2000",8354.7556,
"ISL","GDP","TOT","MLN_USD","A","2001",9054.9035,
"ISL","GDP","TOT","MLN_USD","A","2002",9351.4048,
"ISL","GDP","TOT","MLN_USD","A","2003",9443.9894,
"ISL","GDP","TOT","MLN_USD","A","2004",10400.1903,
"ISL","GDP","TOT","MLN_USD","A","2005",11048.3558,
"ISL","GDP","TOT","MLN_USD","A","2006",11876.0407,
"ISL","GDP","TOT","MLN_USD","A","2007",12824.1302,
"ISL","GDP","TOT","MLN_USD","A","2008",13749.8517,
"ISL","GDP","TOT","MLN_USD","A","2009",13346.8168,
"ISL","GDP","TOT","MLN_USD","A","2010",12587.0994,
"ISL","GDP","TOT","MLN_USD","A","2011",13005.319,
"ISL","GDP","TOT","MLN_USD","A","2012",13446.4487,
"ISL","GDP","TOT","MLN_USD","A","2013",14296.6258,
"ISL","GDP","TOT","MLN_USD","A","2014",14966.3831,
"ISL","GDP","TOT","MLN_USD","A","2015",16161.7503,
"ISL","GDP","TOT","MLN_USD","A","2016",17555.0006,
"IRL","GDP","TOT","MLN_USD","A","2000",114831.921,
"IRL","GDP","TOT","MLN_USD","A","2001",125831.0378,
"IRL","GDP","TOT","MLN_USD","A","2002",138451.7822,
"IRL","GDP","TOT","MLN_USD","A","2003",144824.6283,
"IRL","GDP","TOT","MLN_USD","A","2004",157394.1675,
"IRL","GDP","TOT","MLN_USD","A","2005",168217.6903,
"IRL","GDP","TOT","MLN_USD","A","2006",188914.1186,
"IRL","GDP","TOT","MLN_USD","A","2007",205693.3632,
"IRL","GDP","TOT","MLN_USD","A","2008",198813.7927,
"IRL","GDP","TOT","MLN_USD","A","2009",188770.0502,
"IRL","GDP","TOT","MLN_USD","A","2010",197418.8127,
"IRL","GDP","TOT","MLN_USD","A","2011",205817.797,
"IRL","GDP","TOT","MLN_USD","A","2012",212880.6363,
"IRL","GDP","TOT","MLN_USD","A","2013",221790.1441,
"IRL","GDP","TOT","MLN_USD","A","2014",238440.774,
"IRL","GDP","TOT","MLN_USD","A","2015",324244.7636,
"IRL","GDP","TOT","MLN_USD","A","2016",337275.917,
"ITA","GDP","TOT","MLN_USD","A","2000",1538984.3215,
"ITA","GDP","TOT","MLN_USD","A","2001",1591435.9209,
"ITA","GDP","TOT","MLN_USD","A","2002",1634258.8133,
"ITA","GDP","TOT","MLN_USD","A","2003",1666742.0612,
"ITA","GDP","TOT","MLN_USD","A","2004",1698679.3979,
"ITA","GDP","TOT","MLN_USD","A","2005",1742085.9872,
"ITA","GDP","TOT","MLN_USD","A","2006",1879908.5737,
"ITA","GDP","TOT","MLN_USD","A","2007",1986698.5847,
"ITA","GDP","TOT","MLN_USD","A","2008",2082637.2498,
"ITA","GDP","TOT","MLN_USD","A","2009",2039614.9256,
"ITA","GDP","TOT","MLN_USD","A","2010",2075187.0663,
"ITA","GDP","TOT","MLN_USD","A","2011",2158285.1661,
"ITA","GDP","TOT","MLN_USD","A","2012",2157546.6275,
"ITA","GDP","TOT","MLN_USD","A","2013",2176319.7676,
"ITA","GDP","TOT","MLN_USD","A","2014",2192714.3985,
"ITA","GDP","TOT","MLN_USD","A","2015",2237096.3626,
"ITA","GDP","TOT","MLN_USD","A","2016",2367211.1336,
"JPN","GDP","TOT","MLN_USD","A","2000",3404300.1282,
"JPN","GDP","TOT","MLN_USD","A","2001",3493106.8913,
"JPN","GDP","TOT","MLN_USD","A","2002",3588864.9274,
"JPN","GDP","TOT","MLN_USD","A","2003",3694202.5562,
"JPN","GDP","TOT","MLN_USD","A","2004",3877296.2044,
"JPN","GDP","TOT","MLN_USD","A","2005",4045734.3991,
"JPN","GDP","TOT","MLN_USD","A","2006",4230713.9521,
"JPN","GDP","TOT","MLN_USD","A","2007",4416227.659,
"JPN","GDP","TOT","MLN_USD","A","2008",4456434.3648,
"JPN","GDP","TOT","MLN_USD","A","2009",4250983.2048,
"JPN","GDP","TOT","MLN_USD","A","2010",4480784.4068,
"JPN","GDP","TOT","MLN_USD","A","2011",4573186.7921,
"JPN","GDP","TOT","MLN_USD","A","2012",4746699.3877,
"JPN","GDP","TOT","MLN_USD","A","2013",4967051.5751,
"JPN","GDP","TOT","MLN_USD","A","2014",4986566.2095,
"JPN","GDP","TOT","MLN_USD","A","2015",5136018.7777,
"JPN","GDP","TOT","MLN_USD","A","2016",5221770.1934,
"KOR","GDP","TOT","MLN_USD","A","2000",850045.5464,
"KOR","GDP","TOT","MLN_USD","A","2001",908001.4937,
"KOR","GDP","TOT","MLN_USD","A","2002",989824.3999,
"KOR","GDP","TOT","MLN_USD","A","2003",1023783.1397,
"KOR","GDP","TOT","MLN_USD","A","2004",1102859.681,
"KOR","GDP","TOT","MLN_USD","A","2005",1165894.0613,
"KOR","GDP","TOT","MLN_USD","A","2006",1250723.7632,
"KOR","GDP","TOT","MLN_USD","A","2007",1354489.6394,
"KOR","GDP","TOT","MLN_USD","A","2008",1405710.9033,
"KOR","GDP","TOT","MLN_USD","A","2009",1396654.7456,
"KOR","GDP","TOT","MLN_USD","A","2010",1504724.4048,
"KOR","GDP","TOT","MLN_USD","A","2011",1559446.8342,
"KOR","GDP","TOT","MLN_USD","A","2012",1611272.9143,
"KOR","GDP","TOT","MLN_USD","A","2013",1644777.3066,
"KOR","GDP","TOT","MLN_USD","A","2014",1704457.6408,
"KOR","GDP","TOT","MLN_USD","A","2015",1824331.9727,
"KOR","GDP","TOT","MLN_USD","A","2016",1903410.733,
"LUX","GDP","TOT","MLN_USD","A","2000",24148.7199,
"LUX","GDP","TOT","MLN_USD","A","2001",24678.9641,
"LUX","GDP","TOT","MLN_USD","A","2002",26222.3817,
"LUX","GDP","TOT","MLN_USD","A","2003",27115.5478,
"LUX","GDP","TOT","MLN_USD","A","2004",29341.6997,
"LUX","GDP","TOT","MLN_USD","A","2005",31733.1018,
"LUX","GDP","TOT","MLN_USD","A","2006",36842.7161,
"LUX","GDP","TOT","MLN_USD","A","2007",40310.6539,
"LUX","GDP","TOT","MLN_USD","A","2008",42362.9641,
"LUX","GDP","TOT","MLN_USD","A","2009",40956.685,
"LUX","GDP","TOT","MLN_USD","A","2010",43402.0476,
"LUX","GDP","TOT","MLN_USD","A","2011",47690.506,
"LUX","GDP","TOT","MLN_USD","A","2012",48646.4521,
"LUX","GDP","TOT","MLN_USD","A","2013",51940.0871,
"LUX","GDP","TOT","MLN_USD","A","2014",56353.7548,
"LUX","GDP","TOT","MLN_USD","A","2015",58544.1624,
"LUX","GDP","TOT","MLN_USD","A","2016",61159.2587,
"MEX","GDP","TOT","MLN_USD","A","2000",1096780.8487,
"MEX","GDP","TOT","MLN_USD","A","2001",1116305.2561,
"MEX","GDP","TOT","MLN_USD","A","2002",1137595.9666,
"MEX","GDP","TOT","MLN_USD","A","2003",1183622.6767,
"MEX","GDP","TOT","MLN_USD","A","2004",1263142.4873,
"MEX","GDP","TOT","MLN_USD","A","2005",1341775.4557,
"MEX","GDP","TOT","MLN_USD","A","2006",1485209.6316,
"MEX","GDP","TOT","MLN_USD","A","2007",1560053.9097,
"MEX","GDP","TOT","MLN_USD","A","2008",1653898.1904,
"MEX","GDP","TOT","MLN_USD","A","2009",1637276.7903,
"MEX","GDP","TOT","MLN_USD","A","2010",1741129.4203,
"MEX","GDP","TOT","MLN_USD","A","2011",1911319.0963,
"MEX","GDP","TOT","MLN_USD","A","2012",2012767.7814,
"MEX","GDP","TOT","MLN_USD","A","2013",2064490.9475,
"MEX","GDP","TOT","MLN_USD","A","2014",2171926.7708,
"MEX","GDP","TOT","MLN_USD","A","2015",2228163.875,
"MEX","GDP","TOT","MLN_USD","A","2016",2316427.9828,"P"
"NLD","GDP","TOT","MLN_USD","A","2000",507629.391,
"NLD","GDP","TOT","MLN_USD","A","2001",532637.6538,
"NLD","GDP","TOT","MLN_USD","A","2002",556285.4649,
"NLD","GDP","TOT","MLN_USD","A","2003",553474.2149,
"NLD","GDP","TOT","MLN_USD","A","2004",582515.7216,
"NLD","GDP","TOT","MLN_USD","A","2005",614044.1197,
"NLD","GDP","TOT","MLN_USD","A","2006",669720.0289,
"NLD","GDP","TOT","MLN_USD","A","2007",719102.6455,
"NLD","GDP","TOT","MLN_USD","A","2008",763407.5745,
"NLD","GDP","TOT","MLN_USD","A","2009",736694.4928,
"NLD","GDP","TOT","MLN_USD","A","2010",748362.36,
"NLD","GDP","TOT","MLN_USD","A","2011",777880.9073,
"NLD","GDP","TOT","MLN_USD","A","2012",792041.8276,
"NLD","GDP","TOT","MLN_USD","A","2013",827475.7879,
"NLD","GDP","TOT","MLN_USD","A","2014",830318.4298,
"NLD","GDP","TOT","MLN_USD","A","2015",852113.2649,
"NLD","GDP","TOT","MLN_USD","A","2016",874311.8729,
"NZL","GDP","TOT","MLN_USD","A","2000",83023.6143,
"NZL","GDP","TOT","MLN_USD","A","2001",87313.1095,
"NZL","GDP","TOT","MLN_USD","A","2002",92024.858,
"NZL","GDP","TOT","MLN_USD","A","2003",96521.6097,
"NZL","GDP","TOT","MLN_USD","A","2004",102515.7624,
"NZL","GDP","TOT","MLN_USD","A","2005",106146.5457,
"NZL","GDP","TOT","MLN_USD","A","2006",116156.7866,
"NZL","GDP","TOT","MLN_USD","A","2007",124120.1055,
"NZL","GDP","TOT","MLN_USD","A","2008",127199.2301,
"NZL","GDP","TOT","MLN_USD","A","2009",132088.3421,
"NZL","GDP","TOT","MLN_USD","A","2010",135972.6561,
"NZL","GDP","TOT","MLN_USD","A","2011",143508.2339,
"NZL","GDP","TOT","MLN_USD","A","2012",145405.6802,
"NZL","GDP","TOT","MLN_USD","A","2013",160890.2759,
"NZL","GDP","TOT","MLN_USD","A","2014",168034.241,
"NZL","GDP","TOT","MLN_USD","A","2015",172224.6753,
"NZL","GDP","TOT","MLN_USD","A","2016",183609.9471,
"NOR","GDP","TOT","MLN_USD","A","2000",165969.8872,
"NOR","GDP","TOT","MLN_USD","A","2001",170560.3838,
"NOR","GDP","TOT","MLN_USD","A","2002",172267.592,
"NOR","GDP","TOT","MLN_USD","A","2003",175897.9677,
"NOR","GDP","TOT","MLN_USD","A","2004",195093.7443,
"NOR","GDP","TOT","MLN_USD","A","2005",220865.8553,
"NOR","GDP","TOT","MLN_USD","A","2006",252048.2856,
"NOR","GDP","TOT","MLN_USD","A","2007",263226.509,
"NOR","GDP","TOT","MLN_USD","A","2008",294471.6386,
"NOR","GDP","TOT","MLN_USD","A","2009",267692.6395,
"NOR","GDP","TOT","MLN_USD","A","2010",283408.0741,
"NOR","GDP","TOT","MLN_USD","A","2011",307809.7943,
"NOR","GDP","TOT","MLN_USD","A","2012",328453.0208,
"NOR","GDP","TOT","MLN_USD","A","2013",340619.8058,
"NOR","GDP","TOT","MLN_USD","A","2014",339136.645,
"NOR","GDP","TOT","MLN_USD","A","2015",314014.3514,
"NOR","GDP","TOT","MLN_USD","A","2016",304326.7515,
"POL","GDP","TOT","MLN_USD","A","2000",407566.7825,
"POL","GDP","TOT","MLN_USD","A","2001",424628.6485,
"POL","GDP","TOT","MLN_USD","A","2002",450394.6365,
"POL","GDP","TOT","MLN_USD","A","2003",468278.9333,
"POL","GDP","TOT","MLN_USD","A","2004",509392.7663,
"POL","GDP","TOT","MLN_USD","A","2005",530344.1412,
"POL","GDP","TOT","MLN_USD","A","2006",577541.979,
"POL","GDP","TOT","MLN_USD","A","2007",639966.8819,
"POL","GDP","TOT","MLN_USD","A","2008",698099.5366,
"POL","GDP","TOT","MLN_USD","A","2009",734282.7574,
"POL","GDP","TOT","MLN_USD","A","2010",800737.3078,
"POL","GDP","TOT","MLN_USD","A","2011",869769.8869,
"POL","GDP","TOT","MLN_USD","A","2012",907167.5419,
"POL","GDP","TOT","MLN_USD","A","2013",940325.256,
"POL","GDP","TOT","MLN_USD","A","2014",973566.3249,
"POL","GDP","TOT","MLN_USD","A","2015",1020165.6097,
"POL","GDP","TOT","MLN_USD","A","2016",1053113.6406,
"PRT","GDP","TOT","MLN_USD","A","2000",194344.3252,
"PRT","GDP","TOT","MLN_USD","A","2001",202494.0045,
"PRT","GDP","TOT","MLN_USD","A","2002",212223.6902,
"PRT","GDP","TOT","MLN_USD","A","2003",217971.0914,
"PRT","GDP","TOT","MLN_USD","A","2004",225147.4495,
"PRT","GDP","TOT","MLN_USD","A","2005",238841.511,
"PRT","GDP","TOT","MLN_USD","A","2006",259430.889,
"PRT","GDP","TOT","MLN_USD","A","2007",271016.9046,
"PRT","GDP","TOT","MLN_USD","A","2008",281180.6857,
"PRT","GDP","TOT","MLN_USD","A","2009",279732.1349,
"PRT","GDP","TOT","MLN_USD","A","2010",288732.2202,
"PRT","GDP","TOT","MLN_USD","A","2011",282733.9076,
"PRT","GDP","TOT","MLN_USD","A","2012",278160.9044,
"PRT","GDP","TOT","MLN_USD","A","2013",291753.1919,
"PRT","GDP","TOT","MLN_USD","A","2014",298995.4896,
"PRT","GDP","TOT","MLN_USD","A","2015",307476.4343,
"PRT","GDP","TOT","MLN_USD","A","2016",320522.8634,
"SVK","GDP","TOT","MLN_USD","A","2000",61197.8183,
"SVK","GDP","TOT","MLN_USD","A","2001",66543.9014,
"SVK","GDP","TOT","MLN_USD","A","2002",71483.3467,
"SVK","GDP","TOT","MLN_USD","A","2003",75978.09,
"SVK","GDP","TOT","MLN_USD","A","2004",81595.174,
"SVK","GDP","TOT","MLN_USD","A","2005",89275.3479,
"SVK","GDP","TOT","MLN_USD","A","2006",101360.8219,
"SVK","GDP","TOT","MLN_USD","A","2007",113754.5824,
"SVK","GDP","TOT","MLN_USD","A","2008",127442.7829,
"SVK","GDP","TOT","MLN_USD","A","2009",124206.3124,
"SVK","GDP","TOT","MLN_USD","A","2010",134582.396,
"SVK","GDP","TOT","MLN_USD","A","2011",139467.3482,
"SVK","GDP","TOT","MLN_USD","A","2012",144098.0751,
"SVK","GDP","TOT","MLN_USD","A","2013",151020.734,
"SVK","GDP","TOT","MLN_USD","A","2014",156749.0236,
"SVK","GDP","TOT","MLN_USD","A","2015",161041.066,
"SVK","GDP","TOT","MLN_USD","A","2016",167789.8717,
"ESP","GDP","TOT","MLN_USD","A","2000",873584.2887,
"ESP","GDP","TOT","MLN_USD","A","2001",935915.1073,
"ESP","GDP","TOT","MLN_USD","A","2002",1009397.6942,
"ESP","GDP","TOT","MLN_USD","A","2003",1057053.1058,
"ESP","GDP","TOT","MLN_USD","A","2004",1123698.515,
"ESP","GDP","TOT","MLN_USD","A","2005",1209299.2328,
"ESP","GDP","TOT","MLN_USD","A","2006",1368114.4264,
"ESP","GDP","TOT","MLN_USD","A","2007",1474260.4308,
"ESP","GDP","TOT","MLN_USD","A","2008",1537792.117,
"ESP","GDP","TOT","MLN_USD","A","2009",1501742.6919,
"ESP","GDP","TOT","MLN_USD","A","2010",1486879.2179,
"ESP","GDP","TOT","MLN_USD","A","2011",1498957.4062,
"ESP","GDP","TOT","MLN_USD","A","2012",1496188.3425,
"ESP","GDP","TOT","MLN_USD","A","2013",1519995.2952,
"ESP","GDP","TOT","MLN_USD","A","2014",1566855.2387,
"ESP","GDP","TOT","MLN_USD","A","2015",1626884.2569,
"ESP","GDP","TOT","MLN_USD","A","2016",1706684.7787,"P"
"SWE","GDP","TOT","MLN_USD","A","2000",260136.4552,
"SWE","GDP","TOT","MLN_USD","A","2001",264025.3808,
"SWE","GDP","TOT","MLN_USD","A","2002",273428.2357,
"SWE","GDP","TOT","MLN_USD","A","2003",282300.0394,
"SWE","GDP","TOT","MLN_USD","A","2004",301888.6098,
"SWE","GDP","TOT","MLN_USD","A","2005",307060.5712,
"SWE","GDP","TOT","MLN_USD","A","2006",340188.5501,
"SWE","GDP","TOT","MLN_USD","A","2007",371670.0426,
"SWE","GDP","TOT","MLN_USD","A","2008",386340.8665,
"SWE","GDP","TOT","MLN_USD","A","2009",369104.3375,
"SWE","GDP","TOT","MLN_USD","A","2010",390436.5598,
"SWE","GDP","TOT","MLN_USD","A","2011",413955.8797,
"SWE","GDP","TOT","MLN_USD","A","2012",426224.1255,
"SWE","GDP","TOT","MLN_USD","A","2013",438948.504,
"SWE","GDP","TOT","MLN_USD","A","2014",451571.6716,
"SWE","GDP","TOT","MLN_USD","A","2015",474642.9177,
"SWE","GDP","TOT","MLN_USD","A","2016",487065.3382,
"CHE","GDP","TOT","MLN_USD","A","2000",256869.7705,
"CHE","GDP","TOT","MLN_USD","A","2001",265899.6581,
"CHE","GDP","TOT","MLN_USD","A","2002",274768.4784,
"CHE","GDP","TOT","MLN_USD","A","2003",276778.5056,
"CHE","GDP","TOT","MLN_USD","A","2004",289451.5578,
"CHE","GDP","TOT","MLN_USD","A","2005",301740.6098,
"CHE","GDP","TOT","MLN_USD","A","2006",337573.4139,
"CHE","GDP","TOT","MLN_USD","A","2007",375640.596,
"CHE","GDP","TOT","MLN_USD","A","2008",402150.9841,
"CHE","GDP","TOT","MLN_USD","A","2009",400890.6902,
"CHE","GDP","TOT","MLN_USD","A","2010",415249.7083,
"CHE","GDP","TOT","MLN_USD","A","2011",444548.7282,
"CHE","GDP","TOT","MLN_USD","A","2012",462615.2239,
"CHE","GDP","TOT","MLN_USD","A","2013",486238.7519,
"CHE","GDP","TOT","MLN_USD","A","2014",506895.0439,
"CHE","GDP","TOT","MLN_USD","A","2015",529567.772,
"CHE","GDP","TOT","MLN_USD","A","2016",537700.9554,
"TUR","GDP","TOT","MLN_USD","A","2000",606079.7328,
"TUR","GDP","TOT","MLN_USD","A","2001",591540.1997,
"TUR","GDP","TOT","MLN_USD","A","2002",607794.166,
"TUR","GDP","TOT","MLN_USD","A","2003",634714.5664,
"TUR","GDP","TOT","MLN_USD","A","2004",727742.612,
"TUR","GDP","TOT","MLN_USD","A","2005",807226.7577,
"TUR","GDP","TOT","MLN_USD","A","2006",936568.8114,
"TUR","GDP","TOT","MLN_USD","A","2007",1033243.9338,
"TUR","GDP","TOT","MLN_USD","A","2008",1130487.0657,
"TUR","GDP","TOT","MLN_USD","A","2009",1104759.4274,
"TUR","GDP","TOT","MLN_USD","A","2010",1260360.1461,
"TUR","GDP","TOT","MLN_USD","A","2011",1443295.5691,
"TUR","GDP","TOT","MLN_USD","A","2012",1539111.2275,
"TUR","GDP","TOT","MLN_USD","A","2013",1690856.0865,
"TUR","GDP","TOT","MLN_USD","A","2014",1851026.0012,
"TUR","GDP","TOT","MLN_USD","A","2015",2012361.7805,
"TUR","GDP","TOT","MLN_USD","A","2016",2087370.1871,
"GBR","GDP","TOT","MLN_USD","A","2000",1546229.6653,
"GBR","GDP","TOT","MLN_USD","A","2001",1626520.7455,
"GBR","GDP","TOT","MLN_USD","A","2002",1714735.7269,
"GBR","GDP","TOT","MLN_USD","A","2003",1796953.3531,
"GBR","GDP","TOT","MLN_USD","A","2004",1906924.8289,
"GBR","GDP","TOT","MLN_USD","A","2005",1962571.622,
"GBR","GDP","TOT","MLN_USD","A","2006",2102524.0504,
"GBR","GDP","TOT","MLN_USD","A","2007",2171276.2808,
"GBR","GDP","TOT","MLN_USD","A","2008",2251412.184,
"GBR","GDP","TOT","MLN_USD","A","2009",2165308.2947,
"GBR","GDP","TOT","MLN_USD","A","2010",2260384.4099,
"GBR","GDP","TOT","MLN_USD","A","2011",2329213.5968,
"GBR","GDP","TOT","MLN_USD","A","2012",2414959.0653,
"GBR","GDP","TOT","MLN_USD","A","2013",2533408.3138,
"GBR","GDP","TOT","MLN_USD","A","2014",2640578.6279,
"GBR","GDP","TOT","MLN_USD","A","2015",2738206.254,
"GBR","GDP","TOT","MLN_USD","A","2016",2819115.7525,
"USA","GDP","TOT","MLN_USD","A","2000",10252347,
"USA","GDP","TOT","MLN_USD","A","2001",10581822,
"USA","GDP","TOT","MLN_USD","A","2002",10936418,
"USA","GDP","TOT","MLN_USD","A","2003",11458246,
"USA","GDP","TOT","MLN_USD","A","2004",12213730,
"USA","GDP","TOT","MLN_USD","A","2005",13036637,
"USA","GDP","TOT","MLN_USD","A","2006",13814609,
"USA","GDP","TOT","MLN_USD","A","2007",14451860,
"USA","GDP","TOT","MLN_USD","A","2008",14712845,
"USA","GDP","TOT","MLN_USD","A","2009",14448932,
"USA","GDP","TOT","MLN_USD","A","2010",14992052,
"USA","GDP","TOT","MLN_USD","A","2011",15542582,
"USA","GDP","TOT","MLN_USD","A","2012",16197007,
"USA","GDP","TOT","MLN_USD","A","2013",16784851,
"USA","GDP","TOT","MLN_USD","A","2014",17521747,
"USA","GDP","TOT","MLN_USD","A","2015",18219297,
"USA","GDP","TOT","MLN_USD","A","2016",18707189,
"CHL","GDP","TOT","MLN_USD","A","2000",146574.1915,
"CHL","GDP","TOT","MLN_USD","A","2001",154736.7803,
"CHL","GDP","TOT","MLN_USD","A","2002",162067.9961,
"CHL","GDP","TOT","MLN_USD","A","2003",171831.2111,
"CHL","GDP","TOT","MLN_USD","A","2004",189179.007,
"CHL","GDP","TOT","MLN_USD","A","2005",206274.4027,
"CHL","GDP","TOT","MLN_USD","A","2006",257648.2507,
"CHL","GDP","TOT","MLN_USD","A","2007",280051.8521,
"CHL","GDP","TOT","MLN_USD","A","2008",275716.4474,
"CHL","GDP","TOT","MLN_USD","A","2009",272874.0995,
"CHL","GDP","TOT","MLN_USD","A","2010",309886.4337,
"CHL","GDP","TOT","MLN_USD","A","2011",350575.242,
"CHL","GDP","TOT","MLN_USD","A","2012",374241.5721,
"CHL","GDP","TOT","MLN_USD","A","2013",394291.9363,
"CHL","GDP","TOT","MLN_USD","A","2014",404667.2823,
"CHL","GDP","TOT","MLN_USD","A","2015",407688.8608,
"CHL","GDP","TOT","MLN_USD","A","2016",416516.9422,
"CHN","GDP","TOT","MLN_USD","A","2000",3703733.8377,
"CHN","GDP","TOT","MLN_USD","A","2001",4104066.3565,
"CHN","GDP","TOT","MLN_USD","A","2002",4547549.215,
"CHN","GDP","TOT","MLN_USD","A","2003",5103703.986,
"CHN","GDP","TOT","MLN_USD","A","2004",5774277.676,
"CHN","GDP","TOT","MLN_USD","A","2005",6639271.9995,
"CHN","GDP","TOT","MLN_USD","A","2006",7713671.1468,
"CHN","GDP","TOT","MLN_USD","A","2007",9041253.1653,
"CHN","GDP","TOT","MLN_USD","A","2008",10105260.6539,
"CHN","GDP","TOT","MLN_USD","A","2009",11130544.8539,
"CHN","GDP","TOT","MLN_USD","A","2010",12457429.2281,
"CHN","GDP","TOT","MLN_USD","A","2011",13919132.4529,
"CHN","GDP","TOT","MLN_USD","A","2012",15281108.1421,
"CHN","GDP","TOT","MLN_USD","A","2013",16723689.9129,
"CHN","GDP","TOT","MLN_USD","A","2014",18259747.2637,
"CHN","GDP","TOT","MLN_USD","A","2015",19726289.6532,
"CHN","GDP","TOT","MLN_USD","A","2016",21310048.1788,
"COL","GDP","TOT","MLN_USD","A","2000",248198.1301,"E"
"COL","GDP","TOT","MLN_USD","A","2001",259953.5837,"E"
"COL","GDP","TOT","MLN_USD","A","2002",272549.772,"E"
"COL","GDP","TOT","MLN_USD","A","2003",295666.3226,"E"
"COL","GDP","TOT","MLN_USD","A","2004",321633.4535,"E"
"COL","GDP","TOT","MLN_USD","A","2005",353660.6897,
"COL","GDP","TOT","MLN_USD","A","2006",389269.7729,
"COL","GDP","TOT","MLN_USD","A","2007",427365.9647,
"COL","GDP","TOT","MLN_USD","A","2008",450718.7623,
"COL","GDP","TOT","MLN_USD","A","2009",463334.6812,
"COL","GDP","TOT","MLN_USD","A","2010",488842.8181,
"COL","GDP","TOT","MLN_USD","A","2011",531984.2126,
"COL","GDP","TOT","MLN_USD","A","2012",566711.8058,
"COL","GDP","TOT","MLN_USD","A","2013",605095.2298,
"COL","GDP","TOT","MLN_USD","A","2014",645133.7713,
"COL","GDP","TOT","MLN_USD","A","2015",671379.341,
"COL","GDP","TOT","MLN_USD","A","2016",695924.9949,
"EST","GDP","TOT","MLN_USD","A","2000",13161.3679,
"EST","GDP","TOT","MLN_USD","A","2001",14301.4329,
"EST","GDP","TOT","MLN_USD","A","2002",15987.5123,
"EST","GDP","TOT","MLN_USD","A","2003",17908.0314,
"EST","GDP","TOT","MLN_USD","A","2004",19647.1775,
"EST","GDP","TOT","MLN_USD","A","2005",22375.6783,
"EST","GDP","TOT","MLN_USD","A","2006",25936.8472,
"EST","GDP","TOT","MLN_USD","A","2007",29447.0954,
"EST","GDP","TOT","MLN_USD","A","2008",30303.8388,
"EST","GDP","TOT","MLN_USD","A","2009",27360.7241,
"EST","GDP","TOT","MLN_USD","A","2010",28735.5072,
"EST","GDP","TOT","MLN_USD","A","2011",32579.4377,
"EST","GDP","TOT","MLN_USD","A","2012",34419.8396,
"EST","GDP","TOT","MLN_USD","A","2013",36239.2955,
"EST","GDP","TOT","MLN_USD","A","2014",38074.6859,
"EST","GDP","TOT","MLN_USD","A","2015",38426.9501,
"EST","GDP","TOT","MLN_USD","A","2016",40654.6655,
"IND","GDP","TOT","MLN_USD","A","2000",2082560.9203,"E"
"IND","GDP","TOT","MLN_USD","A","2001",2232771.8863,"E"
"IND","GDP","TOT","MLN_USD","A","2002",2353285.6528,"E"
"IND","GDP","TOT","MLN_USD","A","2003",2588877.2722,"E"
"IND","GDP","TOT","MLN_USD","A","2004",2870818.3046,"E"
"IND","GDP","TOT","MLN_USD","A","2005",3238319.3378,"E"
"IND","GDP","TOT","MLN_USD","A","2006",3647022.6074,"E"
"IND","GDP","TOT","MLN_USD","A","2007",4111053.1293,"E"
"IND","GDP","TOT","MLN_USD","A","2008",4354793.149,"E"
"IND","GDP","TOT","MLN_USD","A","2009",4759946.0905,"E"
"IND","GDP","TOT","MLN_USD","A","2010",5312415.1,"E"
"IND","GDP","TOT","MLN_USD","A","2011",5782035.4838,
"IND","GDP","TOT","MLN_USD","A","2012",6209845.3131,
"IND","GDP","TOT","MLN_USD","A","2013",6713106.6732,
"IND","GDP","TOT","MLN_USD","A","2014",7339969.2865,
"IND","GDP","TOT","MLN_USD","A","2015",8024589.2781,
"IND","GDP","TOT","MLN_USD","A","2016",8705012.6421,
"IDN","GDP","TOT","MLN_USD","A","2000",1065176.1863,"E"
"IDN","GDP","TOT","MLN_USD","A","2001",1129144.2594,"E"
"IDN","GDP","TOT","MLN_USD","A","2002",1198063.5278,"E"
"IDN","GDP","TOT","MLN_USD","A","2003",1280367.4806,"E"
"IDN","GDP","TOT","MLN_USD","A","2004",1381758.8863,"E"
"IDN","GDP","TOT","MLN_USD","A","2005",1507407.416,"E"
"IDN","GDP","TOT","MLN_USD","A","2006",1639188.3232,"E"
"IDN","GDP","TOT","MLN_USD","A","2007",1789587.475,"E"
"IDN","GDP","TOT","MLN_USD","A","2008",1934423.829,
"IDN","GDP","TOT","MLN_USD","A","2009",1998472.592,
"IDN","GDP","TOT","MLN_USD","A","2010",2003952.3989,
"IDN","GDP","TOT","MLN_USD","A","2011",2171518.7848,
"IDN","GDP","TOT","MLN_USD","A","2012",2344875.0117,
"IDN","GDP","TOT","MLN_USD","A","2013",2515160.3264,
"IDN","GDP","TOT","MLN_USD","A","2014",2688484.96,
"IDN","GDP","TOT","MLN_USD","A","2015",2850160.6407,
"IDN","GDP","TOT","MLN_USD","A","2016",3030576.7839,
"ISR","GDP","TOT","MLN_USD","A","2000",156673.6247,
"ISR","GDP","TOT","MLN_USD","A","2001",160342.7368,
"ISR","GDP","TOT","MLN_USD","A","2002",165616.0305,
"ISR","GDP","TOT","MLN_USD","A","2003",159161.7355,
"ISR","GDP","TOT","MLN_USD","A","2004",171580.8905,
"ISR","GDP","TOT","MLN_USD","A","2005",171942.3852,
"ISR","GDP","TOT","MLN_USD","A","2006",181069.0734,
"ISR","GDP","TOT","MLN_USD","A","2007",197127.6388,
"ISR","GDP","TOT","MLN_USD","A","2008",200368.9313,
"ISR","GDP","TOT","MLN_USD","A","2009",205847.4026,
"ISR","GDP","TOT","MLN_USD","A","2010",219784.8128,
"ISR","GDP","TOT","MLN_USD","A","2011",237392.4042,
"ISR","GDP","TOT","MLN_USD","A","2012",250963.1586,
"ISR","GDP","TOT","MLN_USD","A","2013",275461.4844,
"ISR","GDP","TOT","MLN_USD","A","2014",281491.3537,
"ISR","GDP","TOT","MLN_USD","A","2015",297615.4348,
"ISR","GDP","TOT","MLN_USD","A","2016",320589.4794,
"RUS","GDP","TOT","MLN_USD","A","2000",1076603.3966,"E"
"RUS","GDP","TOT","MLN_USD","A","2001",1156231.1804,"E"
"RUS","GDP","TOT","MLN_USD","A","2002",1256636.0817,"E"
"RUS","GDP","TOT","MLN_USD","A","2003",1441872.1028,"E"
"RUS","GDP","TOT","MLN_USD","A","2004",1586943.7646,"E"
"RUS","GDP","TOT","MLN_USD","A","2005",1827554.2784,"E"
"RUS","GDP","TOT","MLN_USD","A","2006",2297667.7113,"E"
"RUS","GDP","TOT","MLN_USD","A","2007",2560765.9443,"E"
"RUS","GDP","TOT","MLN_USD","A","2008",3100122.986,"E"
"RUS","GDP","TOT","MLN_USD","A","2009",2982070.3334,"E"
"RUS","GDP","TOT","MLN_USD","A","2010",3152688.2425,"E"
"RUS","GDP","TOT","MLN_USD","A","2011",3475385.0302,
"RUS","GDP","TOT","MLN_USD","A","2012",3692393.2951,
"RUS","GDP","TOT","MLN_USD","A","2013",3765660.8198,
"RUS","GDP","TOT","MLN_USD","A","2014",3768772.4567,
"RUS","GDP","TOT","MLN_USD","A","2015",3528552.9497,
"RUS","GDP","TOT","MLN_USD","A","2016",3531999.0486,
"SVN","GDP","TOT","MLN_USD","A","2000",35900.8211,
"SVN","GDP","TOT","MLN_USD","A","2001",37760.048,
"SVN","GDP","TOT","MLN_USD","A","2002",40498.9758,
"SVN","GDP","TOT","MLN_USD","A","2003",42177.0858,
"SVN","GDP","TOT","MLN_USD","A","2004",45485.6264,
"SVN","GDP","TOT","MLN_USD","A","2005",47901.8617,
"SVN","GDP","TOT","MLN_USD","A","2006",51703.2957,
"SVN","GDP","TOT","MLN_USD","A","2007",55711.5577,
"SVN","GDP","TOT","MLN_USD","A","2008",59879.8077,
"SVN","GDP","TOT","MLN_USD","A","2009",56041.9049,
"SVN","GDP","TOT","MLN_USD","A","2010",56826.3899,
"SVN","GDP","TOT","MLN_USD","A","2011",59131.4964,
"SVN","GDP","TOT","MLN_USD","A","2012",59453.6698,
"SVN","GDP","TOT","MLN_USD","A","2013",61380.0548,
"SVN","GDP","TOT","MLN_USD","A","2014",63600.9561,
"SVN","GDP","TOT","MLN_USD","A","2015",65301.4056,
"SVN","GDP","TOT","MLN_USD","A","2016",68526.3636,
"ZAF","GDP","TOT","MLN_USD","A","2000",345745.3017,
"ZAF","GDP","TOT","MLN_USD","A","2001",363297.8757,
"ZAF","GDP","TOT","MLN_USD","A","2002",382404.5348,
"ZAF","GDP","TOT","MLN_USD","A","2003",401532.1828,
"ZAF","GDP","TOT","MLN_USD","A","2004",431364.1329,
"ZAF","GDP","TOT","MLN_USD","A","2005",468739.8867,
"ZAF","GDP","TOT","MLN_USD","A","2006",510214.4182,
"ZAF","GDP","TOT","MLN_USD","A","2007",551870.6782,
"ZAF","GDP","TOT","MLN_USD","A","2008",580652.1694,
"ZAF","GDP","TOT","MLN_USD","A","2009",576063.0025,
"ZAF","GDP","TOT","MLN_USD","A","2010",600823.721,
"ZAF","GDP","TOT","MLN_USD","A","2011",633367.8694,
"ZAF","GDP","TOT","MLN_USD","A","2012",659311.7132,
"ZAF","GDP","TOT","MLN_USD","A","2013",686609.3864,
"ZAF","GDP","TOT","MLN_USD","A","2014",711841.1183,
"ZAF","GDP","TOT","MLN_USD","A","2015",728491.2279,
"ZAF","GDP","TOT","MLN_USD","A","2016",743730.2915,
"EU28","GDP","TOT","MLN_USD","A","2000",11025345.24,
"EU28","GDP","TOT","MLN_USD","A","2001",11587539.7389,
"EU28","GDP","TOT","MLN_USD","A","2002",12140284.9766,
"EU28","GDP","TOT","MLN_USD","A","2003",12475210.169,
"EU28","GDP","TOT","MLN_USD","A","2004",13128541.6927,
"EU28","GDP","TOT","MLN_USD","A","2005",13653820.7672,
"EU28","GDP","TOT","MLN_USD","A","2006",14824695.6711,
"EU28","GDP","TOT","MLN_USD","A","2007",15778399.8109,
"EU28","GDP","TOT","MLN_USD","A","2008",16559442.2379,
"EU28","GDP","TOT","MLN_USD","A","2009",16211747.9052,
"EU28","GDP","TOT","MLN_USD","A","2010",16780024.0828,
"EU28","GDP","TOT","MLN_USD","A","2011",17519681.3258,
"EU28","GDP","TOT","MLN_USD","A","2012",17841856.3382,
"EU28","GDP","TOT","MLN_USD","A","2013",18508529.2264,
"EU28","GDP","TOT","MLN_USD","A","2014",19090295.3828,
"EU28","GDP","TOT","MLN_USD","A","2015",19735350.1298,
"EU28","GDP","TOT","MLN_USD","A","2016",20560669.4485,
"OECD","GDP","TOT","MLN_USD","A","2000",29237841.4149,
"OECD","GDP","TOT","MLN_USD","A","2001",30357359.868,
"OECD","GDP","TOT","MLN_USD","A","2002",31551801.4322,
"OECD","GDP","TOT","MLN_USD","A","2003",32702343.8394,
"OECD","GDP","TOT","MLN_USD","A","2004",34675212.055,
"OECD","GDP","TOT","MLN_USD","A","2005",36578445.7386,
"OECD","GDP","TOT","MLN_USD","A","2006",39275242.5209,
"OECD","GDP","TOT","MLN_USD","A","2007",41470690.8461,
"OECD","GDP","TOT","MLN_USD","A","2008",42847457.4687,
"OECD","GDP","TOT","MLN_USD","A","2009",41986707.9152,
"OECD","GDP","TOT","MLN_USD","A","2010",43865060.5124,
"OECD","GDP","TOT","MLN_USD","A","2011",45864462.1457,"P"
"OECD","GDP","TOT","MLN_USD","A","2012",47361081.5997,"P"
"OECD","GDP","TOT","MLN_USD","A","2013",49342701.2587,"P"
"OECD","GDP","TOT","MLN_USD","A","2014",51109770.1782,"P"
"OECD","GDP","TOT","MLN_USD","A","2015",52916694.3095,"P"
"OECD","GDP","TOT","MLN_USD","A","2016",54671112.5851,"P"
"OECDE","GDP","TOT","MLN_USD","A","2000",11809319.8904,
"OECDE","GDP","TOT","MLN_USD","A","2001",12350757.4009,
"OECDE","GDP","TOT","MLN_USD","A","2002",12909084.6396,
"OECDE","GDP","TOT","MLN_USD","A","2003",13256553.0859,
"OECDE","GDP","TOT","MLN_USD","A","2004",13996273.0077,
"OECDE","GDP","TOT","MLN_USD","A","2005",14615011.0788,
"OECDE","GDP","TOT","MLN_USD","A","2006",15923490.505,
"OECDE","GDP","TOT","MLN_USD","A","2007",16961177.4598,
"OECDE","GDP","TOT","MLN_USD","A","2008",17820903.848,
"OECDE","GDP","TOT","MLN_USD","A","2009",17431363.389,
"OECDE","GDP","TOT","MLN_USD","A","2010",18173674.941,
"OECDE","GDP","TOT","MLN_USD","A","2011",19123317.0379,"P"
"OECDE","GDP","TOT","MLN_USD","A","2012",19557100.9902,"P"
"OECDE","GDP","TOT","MLN_USD","A","2013",20392137.8528,"P"
"OECDE","GDP","TOT","MLN_USD","A","2014",21131137.5808,"P"
"OECDE","GDP","TOT","MLN_USD","A","2015",21908743.5496,"P"
"OECDE","GDP","TOT","MLN_USD","A","2016",22756820.446,"P"
"LVA","GDP","TOT","MLN_USD","A","2000",18986.1028,
"LVA","GDP","TOT","MLN_USD","A","2001",21116.6284,
"LVA","GDP","TOT","MLN_USD","A","2002",23263.4734,
"LVA","GDP","TOT","MLN_USD","A","2003",25228.4994,
"LVA","GDP","TOT","MLN_USD","A","2004",27642.6463,
"LVA","GDP","TOT","MLN_USD","A","2005",31001.8513,
"LVA","GDP","TOT","MLN_USD","A","2006",34944.8372,
"LVA","GDP","TOT","MLN_USD","A","2007",39890.387,
"LVA","GDP","TOT","MLN_USD","A","2008",42310.1591,
"LVA","GDP","TOT","MLN_USD","A","2009",36133.912,
"LVA","GDP","TOT","MLN_USD","A","2010",36830.0626,
"LVA","GDP","TOT","MLN_USD","A","2011",40727.3581,
"LVA","GDP","TOT","MLN_USD","A","2012",43234.9688,
"LVA","GDP","TOT","MLN_USD","A","2013",45639.6205,
"LVA","GDP","TOT","MLN_USD","A","2014",47467.8776,
"LVA","GDP","TOT","MLN_USD","A","2015",48891.4038,
"LVA","GDP","TOT","MLN_USD","A","2016",50634.306,
"BRA","GDP","TOT","MLN_USD","A","2000",1579859.2601,
"BRA","GDP","TOT","MLN_USD","A","2001",1638207.314,
"BRA","GDP","TOT","MLN_USD","A","2002",1714154.9857,
"BRA","GDP","TOT","MLN_USD","A","2003",1768265.2673,
"BRA","GDP","TOT","MLN_USD","A","2004",1921620.5028,
"BRA","GDP","TOT","MLN_USD","A","2005",2046851.6163,
"BRA","GDP","TOT","MLN_USD","A","2006",2193224.82,
"BRA","GDP","TOT","MLN_USD","A","2007",2388048.5507,
"BRA","GDP","TOT","MLN_USD","A","2008",2558849.6999,
"BRA","GDP","TOT","MLN_USD","A","2009",2575039.6296,
"BRA","GDP","TOT","MLN_USD","A","2010",2803066.1101,
"BRA","GDP","TOT","MLN_USD","A","2011",2974955.3451,
"BRA","GDP","TOT","MLN_USD","A","2012",3088323.9977,
"BRA","GDP","TOT","MLN_USD","A","2013",3232670.0783,
"BRA","GDP","TOT","MLN_USD","A","2014",3307409.5844,
"BRA","GDP","TOT","MLN_USD","A","2015",3224597.6859,
"BRA","GDP","TOT","MLN_USD","A","2016",3156493.7668,
"LTU","GDP","TOT","MLN_USD","A","2000",29597.8148,
"LTU","GDP","TOT","MLN_USD","A","2001",32804.7686,
"LTU","GDP","TOT","MLN_USD","A","2002",36132.8008,
"LTU","GDP","TOT","MLN_USD","A","2003",41213.9341,
"LTU","GDP","TOT","MLN_USD","A","2004",44008.1265,
"LTU","GDP","TOT","MLN_USD","A","2005",48263.165,
"LTU","GDP","TOT","MLN_USD","A","2006",53903.0059,
"LTU","GDP","TOT","MLN_USD","A","2007",61703.4058,
"LTU","GDP","TOT","MLN_USD","A","2008",66344.1401,
"LTU","GDP","TOT","MLN_USD","A","2009",57393.9799,
"LTU","GDP","TOT","MLN_USD","A","2010",62226.6379,
"LTU","GDP","TOT","MLN_USD","A","2011",69205.5214,
"LTU","GDP","TOT","MLN_USD","A","2012",73672.7647,
"LTU","GDP","TOT","MLN_USD","A","2013",78853.6972,
"LTU","GDP","TOT","MLN_USD","A","2014",82617.2732,
"LTU","GDP","TOT","MLN_USD","A","2015",83981.8598,
"LTU","GDP","TOT","MLN_USD","A","2016",86907.2825,
"SAU","GDP","TOT","MLN_USD","A","2000",708886.5072,
"SAU","GDP","TOT","MLN_USD","A","2001",716262.935,
"SAU","GDP","TOT","MLN_USD","A","2002",706755.7792,
"SAU","GDP","TOT","MLN_USD","A","2003",801887.1615,
"SAU","GDP","TOT","MLN_USD","A","2004",889509.7994,
"SAU","GDP","TOT","MLN_USD","A","2005",969306.0367,
"SAU","GDP","TOT","MLN_USD","A","2006",1026943.9508,
"SAU","GDP","TOT","MLN_USD","A","2007",1073748.3882,
"SAU","GDP","TOT","MLN_USD","A","2008",1163234.0375,
"SAU","GDP","TOT","MLN_USD","A","2009",1147932.2398,
"SAU","GDP","TOT","MLN_USD","A","2010",1220509.161,
"SAU","GDP","TOT","MLN_USD","A","2011",1370239.7474,
"SAU","GDP","TOT","MLN_USD","A","2012",1470995.6954,
"SAU","GDP","TOT","MLN_USD","A","2013",1535099.5568,
"SAU","GDP","TOT","MLN_USD","A","2014",1619724.8849,
"SAU","GDP","TOT","MLN_USD","A","2015",1704523.7903,
"SAU","GDP","TOT","MLN_USD","A","2016",1755109.8836,
"EA19","GDP","TOT","MLN_USD","A","2000",8139651.5693,
"EA19","GDP","TOT","MLN_USD","A","2001",8549828.266,
"EA19","GDP","TOT","MLN_USD","A","2002",8932790.2351,
"EA19","GDP","TOT","MLN_USD","A","2003",9117264.9669,
"EA19","GDP","TOT","MLN_USD","A","2004",9528660.2449,
"EA19","GDP","TOT","MLN_USD","A","2005",9922038.5431,
"EA19","GDP","TOT","MLN_USD","A","2006",10766599.7248,
"EA19","GDP","TOT","MLN_USD","A","2007",11455466.3107,
"EA19","GDP","TOT","MLN_USD","A","2008",11958847.0181,
"EA19","GDP","TOT","MLN_USD","A","2009",11696073.129,
"EA19","GDP","TOT","MLN_USD","A","2010",12045805.9741,
"EA19","GDP","TOT","MLN_USD","A","2011",12564552.0126,
"EA19","GDP","TOT","MLN_USD","A","2012",12720103.7624,
"EA19","GDP","TOT","MLN_USD","A","2013",13162055.9619,
"EA19","GDP","TOT","MLN_USD","A","2014",13532058.485,
"EA19","GDP","TOT","MLN_USD","A","2015",13952871.0147,
"EA19","GDP","TOT","MLN_USD","A","2016",14563636.5913,
"ARG","GDP","TOT","MLN_USD","A","2004",482221.8635,
"ARG","GDP","TOT","MLN_USD","A","2005",541392.354,
"ARG","GDP","TOT","MLN_USD","A","2006",602383.4919,
"ARG","GDP","TOT","MLN_USD","A","2007",674119.6017,
"ARG","GDP","TOT","MLN_USD","A","2008",715230.3322,
"ARG","GDP","TOT","MLN_USD","A","2009",678009.4763,
"ARG","GDP","TOT","MLN_USD","A","2010",755779.9706,
"ARG","GDP","TOT","MLN_USD","A","2011",817697.5348,
"ARG","GDP","TOT","MLN_USD","A","2012",824212.3259,
"ARG","GDP","TOT","MLN_USD","A","2013",857668.5632,
"ARG","GDP","TOT","MLN_USD","A","2014",851124.2585,
"ARG","GDP","TOT","MLN_USD","A","2015",883851.7737,
"ARG","GDP","TOT","MLN_USD","A","2016",883043.4204,
"CRI","GDP","TOT","MLN_USD","A","2000",30735.4843,
"CRI","GDP","TOT","MLN_USD","A","2001",32533.177,
"CRI","GDP","TOT","MLN_USD","A","2002",34119.9535,
"CRI","GDP","TOT","MLN_USD","A","2003",36281.2437,
"CRI","GDP","TOT","MLN_USD","A","2004",38895.5034,
"CRI","GDP","TOT","MLN_USD","A","2005",41701.0602,
"CRI","GDP","TOT","MLN_USD","A","2006",46093.1667,
"CRI","GDP","TOT","MLN_USD","A","2007",51184.8982,
"CRI","GDP","TOT","MLN_USD","A","2008",54615.5238,
"CRI","GDP","TOT","MLN_USD","A","2009",54496.1975,
"CRI","GDP","TOT","MLN_USD","A","2010",57893.3231,
"CRI","GDP","TOT","MLN_USD","A","2011",61633.6108,
"CRI","GDP","TOT","MLN_USD","A","2012",65779.9091,
"CRI","GDP","TOT","MLN_USD","A","2013",68358.9285,
"CRI","GDP","TOT","MLN_USD","A","2014",72031.9233,
"CRI","GDP","TOT","MLN_USD","A","2015",75457.4359,
"CRI","GDP","TOT","MLN_USD","A","2016",79832.4327,
"BGR","GDP","TOT","MLN_USD","A","2000",52108.2608,
"BGR","GDP","TOT","MLN_USD","A","2001",55334.4062,
"BGR","GDP","TOT","MLN_USD","A","2002",60553.089,
"BGR","GDP","TOT","MLN_USD","A","2003",64870.9733,
"BGR","GDP","TOT","MLN_USD","A","2004",70399.4067,
"BGR","GDP","TOT","MLN_USD","A","2005",78207.6986,
"BGR","GDP","TOT","MLN_USD","A","2006",85994.4489,
"BGR","GDP","TOT","MLN_USD","A","2007",96587.2715,
"BGR","GDP","TOT","MLN_USD","A","2008",107360.167,
"BGR","GDP","TOT","MLN_USD","A","2009",105310.2248,
"BGR","GDP","TOT","MLN_USD","A","2010",110445.9535,
"BGR","GDP","TOT","MLN_USD","A","2011",115193.3673,
"BGR","GDP","TOT","MLN_USD","A","2012",118415.9404,
"BGR","GDP","TOT","MLN_USD","A","2013",120389.8475,
"BGR","GDP","TOT","MLN_USD","A","2014",126666.8371,
"BGR","GDP","TOT","MLN_USD","A","2015",130542.1786,
"BGR","GDP","TOT","MLN_USD","A","2016",138995.0651,
"HRV","GDP","TOT","MLN_USD","A","2000",47601.2454,
"HRV","GDP","TOT","MLN_USD","A","2001",50170.1242,
"HRV","GDP","TOT","MLN_USD","A","2002",54519.3746,
"HRV","GDP","TOT","MLN_USD","A","2003",58279.7908,
"HRV","GDP","TOT","MLN_USD","A","2004",62457.9153,
"HRV","GDP","TOT","MLN_USD","A","2005",65904.2225,
"HRV","GDP","TOT","MLN_USD","A","2006",75073.8669,
"HRV","GDP","TOT","MLN_USD","A","2007",83340.2427,
"HRV","GDP","TOT","MLN_USD","A","2008",89802.0305,
"HRV","GDP","TOT","MLN_USD","A","2009",86253.552,
"HRV","GDP","TOT","MLN_USD","A","2010",84965.6998,
"HRV","GDP","TOT","MLN_USD","A","2011",88859.4888,
"HRV","GDP","TOT","MLN_USD","A","2012",90287.2262,
"HRV","GDP","TOT","MLN_USD","A","2013",92803.8448,
"HRV","GDP","TOT","MLN_USD","A","2014",93571.4326,
"HRV","GDP","TOT","MLN_USD","A","2015",96717.1612,
"HRV","GDP","TOT","MLN_USD","A","2016",102373.7342,
"CYP","GDP","TOT","MLN_USD","A","2000",14776.7981,
"CYP","GDP","TOT","MLN_USD","A","2001",16045.2874,
"CYP","GDP","TOT","MLN_USD","A","2002",16716.2393,
"CYP","GDP","TOT","MLN_USD","A","2003",17421.0832,
"CYP","GDP","TOT","MLN_USD","A","2004",18870.0376,
"CYP","GDP","TOT","MLN_USD","A","2005",20504.1767,
"CYP","GDP","TOT","MLN_USD","A","2006",22517.194,
"CYP","GDP","TOT","MLN_USD","A","2007",25200.0759,
"CYP","GDP","TOT","MLN_USD","A","2008",27393.6188,
"CYP","GDP","TOT","MLN_USD","A","2009",27382.894,
"CYP","GDP","TOT","MLN_USD","A","2010",27562.984,
"CYP","GDP","TOT","MLN_USD","A","2011",28242.7407,
"CYP","GDP","TOT","MLN_USD","A","2012",27572.5722,
"CYP","GDP","TOT","MLN_USD","A","2013",26393.1879,
"CYP","GDP","TOT","MLN_USD","A","2014",25907.989,
"CYP","GDP","TOT","MLN_USD","A","2015",26767.7832,
"CYP","GDP","TOT","MLN_USD","A","2016",28682.6219,
"MLT","GDP","TOT","MLN_USD","A","2000",7132.8817,
"MLT","GDP","TOT","MLN_USD","A","2001",7239.2508,
"MLT","GDP","TOT","MLN_USD","A","2002",7754.9087,
"MLT","GDP","TOT","MLN_USD","A","2003",8283.1078,
"MLT","GDP","TOT","MLN_USD","A","2004",8561.4991,
"MLT","GDP","TOT","MLN_USD","A","2005",8990.8343,
"MLT","GDP","TOT","MLN_USD","A","2006",9412.9236,
"MLT","GDP","TOT","MLN_USD","A","2007",10124.7198,
"MLT","GDP","TOT","MLN_USD","A","2008",10722.8428,
"MLT","GDP","TOT","MLN_USD","A","2009",10782.0332,
"MLT","GDP","TOT","MLN_USD","A","2010",11527.0251,
"MLT","GDP","TOT","MLN_USD","A","2011",11899.2433,
"MLT","GDP","TOT","MLN_USD","A","2012",12364.1085,
"MLT","GDP","TOT","MLN_USD","A","2013",13237.6494,
"MLT","GDP","TOT","MLN_USD","A","2014",14507.706,
"MLT","GDP","TOT","MLN_USD","A","2015",16106.682,
"MLT","GDP","TOT","MLN_USD","A","2016",17454.4146,
"PER","GDP","TOT","MLN_USD","A","2007",230555.1967,
"PER","GDP","TOT","MLN_USD","A","2008",256532.3318,
"PER","GDP","TOT","MLN_USD","A","2009",261313.0182,
"PER","GDP","TOT","MLN_USD","A","2010",286544.2978,
"PER","GDP","TOT","MLN_USD","A","2011",310964.9003,
"PER","GDP","TOT","MLN_USD","A","2012",336137.1143,
"PER","GDP","TOT","MLN_USD","A","2013",361555.9504,"P"
"PER","GDP","TOT","MLN_USD","A","2014",376731.4462,"P"
"ROU","GDP","TOT","MLN_USD","A","2000",131266.8321,
"ROU","GDP","TOT","MLN_USD","A","2001",144331.0145,
"ROU","GDP","TOT","MLN_USD","A","2002",155640.4214,
"ROU","GDP","TOT","MLN_USD","A","2003",162921.4992,
"ROU","GDP","TOT","MLN_USD","A","2004",192680.9313,
"ROU","GDP","TOT","MLN_USD","A","2005",204713.6759,
"ROU","GDP","TOT","MLN_USD","A","2006",244675.8053,
"ROU","GDP","TOT","MLN_USD","A","2007",285824.1433,
"ROU","GDP","TOT","MLN_USD","A","2008",344669.3173,
"ROU","GDP","TOT","MLN_USD","A","2009",338819.0475,
"ROU","GDP","TOT","MLN_USD","A","2010",343515.598,
"ROU","GDP","TOT","MLN_USD","A","2011",360795.6513,
"ROU","GDP","TOT","MLN_USD","A","2012",379729.7919,
"ROU","GDP","TOT","MLN_USD","A","2013",395621.7783,
"ROU","GDP","TOT","MLN_USD","A","2014",410588.3739,
"ROU","GDP","TOT","MLN_USD","A","2015",428643.8381,
"ROU","GDP","TOT","MLN_USD","A","2016",470258.0727,
"MKD","GDP","TOT","MLN_USD","A","2000",12467.4705,
"MKD","GDP","TOT","MLN_USD","A","2001",12315.9719,
"MKD","GDP","TOT","MLN_USD","A","2002",12919.2732,
"MKD","GDP","TOT","MLN_USD","A","2003",13352.7362,
"MKD","GDP","TOT","MLN_USD","A","2004",14564.11,
"MKD","GDP","TOT","MLN_USD","A","2005",15987.092,
"MKD","GDP","TOT","MLN_USD","A","2006",17711.702,
"MKD","GDP","TOT","MLN_USD","A","2007",19090.8158,
"MKD","GDP","TOT","MLN_USD","A","2008",21537.2533,
"MKD","GDP","TOT","MLN_USD","A","2009",22582.48,
"MKD","GDP","TOT","MLN_USD","A","2010",23345.0292,
"MKD","GDP","TOT","MLN_USD","A","2011",24064.1409,
"MKD","GDP","TOT","MLN_USD","A","2012",24558.7773,
"MKD","GDP","TOT","MLN_USD","A","2013",26269.5955,
"MKD","GDP","TOT","MLN_USD","A","2014",27776.0224,
"MKD","GDP","TOT","MLN_USD","A","2015",28759.5142,
"MKD","GDP","TOT","MLN_USD","A","2016",30822.7897,
"ZMB","GDP","TOT","MLN_USD","A","2006",29635.2031,
"ZMB","GDP","TOT","MLN_USD","A","2007",32960.164,
"ZMB","GDP","TOT","MLN_USD","A","2008",36225,
"ZMB","GDP","TOT","MLN_USD","A","2009",39849.7166,
"ZMB","GDP","TOT","MLN_USD","A","2010",44492.4027,
"ZMB","GDP","TOT","MLN_USD","A","2011",47953.3221,
"ZMB","GDP","TOT","MLN_USD","A","2012",52572.6872,
"ZMB","GDP","TOT","MLN_USD","A","2013",56090.0667,
"ZMB","GDP","TOT","MLN_USD","A","2014",59768.5152,
"ZMB","GDP","TOT","MLN_USD","A","2015",62184.1302,
"ZMB","GDP","TOT","MLN_USD","A","2016",65325.8997,
